seq,level,component,parent,part_number,qty,status,fastener,f.qty,loctite,torque
,L1,Compressor,,NXMA-0700057-0-0,1,NOT_STARTED,,,,
1,L2,External Brackets,Compressor,,1,NOT_STARTED,,,,
,L3,CE Safety Net Bracket,External Brackets,NXMP-0700149-0-0,2,NOT_STARTED,,,,
,L3,CE Compressor Support R,External Brackets,NXMP-0700151-0-0,1,NOT_STARTED,,,,
,L3,CE Compressor Support L,External Brackets,NXMP-0700162-0-0,1,NOT_STARTED,,,,
2,L2,Hanging Compressor Assy,Compressor,NXMA-0700077-0-0,1,NOT_STARTED,,,,
,L3,CE Hanging Panel W/ Nuts,Hanging Compressor Assy,NXMP-0700055-0-0,1,NOT_STARTED,CBE5-10,6,,
,L3,CE Hanging Bracket W/ Nuts,Hanging Compressor Assy,NXMP-0700056-0-0,1,NOT_STARTED,,,,
,L3,CE Compressor,Hanging Compressor Assy,NXMA-0700027-0-0,1,NOT_STARTED,,,,
,L4,Compressor,CE Compressor,HC1500E,1,NOT_STARTED,,,,
,L4,R1/2 to Rc3/8 Adapter,CE Compressor,PB(1)-15A,1,NOT_STARTED,,,,
,L4,Compressor Filter,CE Compressor,20MM-1/2,2,NOT_STARTED,,,,
,L4,R3/8 Elbow,CE Compressor,SJSML10A,1,NOT_STARTED,,,,
,L4,Vibration Damper,CE Compressor,COMPRESSOR-FOOT,4,NOT_STARTED,,,,
,L3,M8 Nut,Hanging Compressor Assy,NN1-M8-SUS,4,NOT_STARTED,,,,
,L3,1.5M Metal Hose,Hanging Compressor Assy,HOEMF10A-1.5-LB-RB,1,NOT_STARTED,,,,
3,L2,Floor Compressor Assy,Compressor,NXMA-0700079-0-0,1,NOT_STARTED,,,,
,L3,CE Floor Comp Bracket,Floor Compressor Assy,NXMP-0700155-0-0,1,NOT_STARTED,,,,
,L3,CE Compressor (Floor),Floor Compressor Assy,NXMA-0700027-0-0,1,NOT_STARTED,,,,
,L3,M8 Nut,Floor Compressor Assy,NN1-M8-SUS,4,NOT_STARTED,,,,
,L3,1.5M Metal Hose,Floor Compressor Assy,HOEMF10A-1.5-LB-RB,1,NOT_STARTED,,,,
4,L2,Water Tank Assy,Compressor,NXMA-0700059-0-0,1,NOT_STARTED,,,,
1,L3,Water Tank,Water Tank Assy,10L-T0192,1,NOT_STARTED,,,,
2,L3,Rc3/8 to 10mm Elbow,Water Tank Assy,PLF10-03,1,NOT_STARTED,,,,
3,L3,Quick Release Body,Water Tank Assy,TS-3NR,1,NOT_STARTED,,,,
4,L3,Quick Release Nozzle,Water Tank Assy,JS-03,1,NOT_STARTED,,,,
5,L3,Rc3/8 to 10mm Tube Fitting,Water Tank Assy,PCF10-03,1,NOT_STARTED,,,,
6,L3,10mm Air Tube PU,Water Tank Assy,TS1075W-20,1,NOT_STARTED,,,,
7,L3,10mm Bulkhead Elbow,Water Tank Assy,PML10,1,NOT_STARTED,,,,
8,L3,8mm Bulkhead,Water Tank Assy,PM8,1,NOT_STARTED,,,,
,L4,8mm Silencer,8mm Bulkhead,AN15-C08,1,NOT_STARTED,,,,
5,L2,CE Tank Base Assy,Compressor,NXMA-0700066-0-0,1,NOT_STARTED,,,,
,L3,CE Tank Base W/ Nut,CE Tank Base Assy,NXMP-0700057-0-0,1,NOT_STARTED,,,,
,L3,CE Air Tank,CE Tank Base Assy,NXMA-0700004-0-0,1,NOT_STARTED,,,,
,L3,25mm Rubber Grommet,CE Tank Base Assy,C-30-SG-30B-EP-UL,4,NOT_STARTED,,,,
,L3,Cable Clamp,CE Tank Base Assy,LWS-2218Z,3,NOT_STARTED,,,,
,L3,気密パッキンテープ,CE Tank Base Assy,59898694,1,NOT_STARTED,,,,
,L3,Cable Clamp 9-14mm,CE Tank Base Assy,DKS-16GSP,1,NOT_STARTED,,,,
,L3,10mm Air Tube PU,CE Tank Base Assy,TU1065BU-20,1,NOT_STARTED,,,,
,L3,Cable Clamp 5-8mm,CE Tank Base Assy,DKS-10GSP,2,NOT_STARTED,,,,
,L3,6mm Tubing,CE Tank Base Assy,TU0604BU-20,2,NOT_STARTED,,,,
,L3,Cable Clamp 1.6-3.5mm,CE Tank Base Assy,DKS-05GSP,1,NOT_STARTED,,,,
,L3,M5 Washer,CE Tank Base Assy,WSX-ST3W-M5X16-1,4,NOT_STARTED,,,,
,L3,M10x15 Bolt,CE Tank Base Assy,CBE10-15,4,NOT_STARTED,,,,
6,L2,CE Air Tank Assy,Compressor,NXMA-0700065-0-0,1,NOT_STARTED,,,,
,L3,Air Tank,CE Air Tank Assy,VBAT38A1-RV,1,NOT_STARTED,,,,
,L4,R1/2 to Rc3/8 Elbow,Air Tank,SXL-83848,1,NOT_STARTED,,,,
,L4,R1/2 to Rc3/4 Adapter,Air Tank,SFB-2015,1,NOT_STARTED,,,,
,L4,R1/2 to 12mm Tube Fitting,Air Tank,KPMCLN12-4,1,NOT_STARTED,,,,
,L4,R1/8 to 10mm Elbow,Air Tank,PL10-01,1,NOT_STARTED,,,,
,L3,12mm Y Fitting,CE Air Tank Assy,PY12,1,NOT_STARTED,,,,
,L4,12mm Branch to 8mm,12mm Y Fitting,PEG12-8,1,NOT_STARTED,,,,
,L4,12mm Air Tube PU,12mm Y Fitting,TU1208BU-20,1,NOT_STARTED,,,,
,L3,6mm Tubing,CE Air Tank Assy,TU0604BU-20,1,NOT_STARTED,,,,
,L3,8mm to 6mm T-Fitting,CE Air Tank Assy,PEG6-8,1,NOT_STARTED,,,,
,L3,1.5M Metal Hose Male,CE Air Tank Assy,HOEMF10A-1.5-LB-RA,1,NOT_STARTED,,,,
7,L2,CE Side Cover,Compressor,NXMA-0700080-0-0,1,NOT_STARTED,CBE4-8,6,,
,L3,CE Side Panel Assembly,CE Side Cover,NXMP-0700030-0-0,1,NOT_STARTED,,,,
,L4,Magnet Catch,CE Side Panel Assembly,MGCM2,1,NOT_STARTED,,,,
,L3,CE Side Panel W/ Hinge,CE Side Cover,NXMP-0700054-0-0,1,NOT_STARTED,"CBSTBR4-8, UNUTSZ4",4,,
,L4,3mm Cushion,CE Side Panel W/ Hinge,,1,NOT_STARTED,,,,
8,L2,Water Drain Assemblies,Compressor,,1,NOT_STARTED,,,,
1,L3,Water Filter Assy,Water Drain Assemblies,,1,NOT_STARTED,CBE8-20,2,,
2,L3,CE Pneumatic FRL Unit,Water Drain Assemblies,,1,NOT_STARTED,CBE8-20,2,,
,L4,Air Filter,CE Pneumatic FRL Unit,AFG40-03C-D,1,NOT_STARTED,,,,
,L4,Micro Mist Separator,CE Pneumatic FRL Unit,E400L-03-D,1,NOT_STARTED,,,,
,L4,FRL Spacer Bracket,CE Pneumatic FRL Unit,Y400T-D,1,NOT_STARTED,,,,
,L4,Push-to-Connect 16mm,CE Pneumatic FRL Unit,PC16-03,1,NOT_STARTED,,,,
3,L3,Drain Sub Assem,Water Drain Assemblies,NXMA-0700075-0-0,1,NOT_STARTED,CBE6-12,2,,
,L4,Auto Drain,Drain Sub Assem,DT3010-10-W-BW,1,NOT_STARTED,,,,
,L4,Auto Drain Bracket,Drain Sub Assem,B320,1,NOT_STARTED,,,,
,L4,R3/8 to 10mm Elbow,Drain Sub Assem,PL10-03,1,NOT_STARTED,,,,
,L4,10mm Air Tube PU,Drain Sub Assem,TU1065BU-20,1,NOT_STARTED,,,,
9,L2,CE FR Unit,Compressor,NXMA-0700074-0-0,1,NOT_STARTED,,,,
,L3,Filter Regular Unit,CE FR Unit,AC40B-03C-D,1,NOT_STARTED,,,,
,L3,R3/8 to 12mm Elbow,CE FR Unit,PL12-03,1,NOT_STARTED,,,,
,L3,12mm Air Tube PU,CE FR Unit,TU1208BU-20,1,NOT_STARTED,,,,
,L3,6mm to R1/8 Elbow,CE FR Unit,PL6-01,1,NOT_STARTED,,,,
,L3,6mm Tube,CE FR Unit,TU0604BU-20,1,NOT_STARTED,,,,
,L3,R3/8 to 16mm Tube Fitting,CE FR Unit,PC16-03,1,NOT_STARTED,,,,
,L3,16mm Air Tube PU,CE FR Unit,TU1610BU-20,1,NOT_STARTED,,,,
,L3,10mm Air Tube PU,CE FR Unit,TU1065BU-20,1,NOT_STARTED,,,,
,L3,16mm Elbow,CE FR Unit,PLJ16,1,NOT_STARTED,,,,
10,L2,Meter Panel Assy,Compressor,NXMA-0700064-0-0,1,NOT_STARTED,,,,
1,L3,Ball Valve Assy,Meter Panel Assy,,1,NOT_STARTED,,,,
,L4,Ball Valve,Ball Valve Assy,FF-08C,1,NOT_STARTED,,,,
,L4,R1/4 to 12mm Elbow,Ball Valve Assy,PL12-02,1,NOT_STARTED,,,,
,L4,R1/4 to 8mm Elbow,Ball Valve Assy,PL8-02,1,NOT_STARTED,,,,
2,L3,Port Valve Assy,Meter Panel Assy,,1,NOT_STARTED,,,,
,L4,3 Port Valve,Port Valve Assy,T-10,1,NOT_STARTED,,,,
,L4,R3/8 to 8mm Elbow,Port Valve Assy,PL8-03,1,NOT_STARTED,,,,
,L4,R3/8 to 12mm Elbow,Port Valve Assy,PL12-03,1,NOT_STARTED,,,,
3,L3,8mm T-Fitting,Meter Panel Assy,PE8,1,NOT_STARTED,,,,
4,L3,CE 3 Way Valve Bracket,Meter Panel Assy,NXMP-0700160-0-0,1,NOT_STARTED,,,,
5,L3,CE Ball Valve Bracket,Meter Panel Assy,NXMP-0700166-0-0,1,NOT_STARTED,,,,
6,L3,CE Meter Panel Plate,Meter Panel Assy,NXMP-0700172-0-0,1,NOT_STARTED,,,,
,L4,Pressure Gauge,CE Meter Panel Plate,G46-15-02-C,2,NOT_STARTED,,,,
,L5,6mm to Rc1/4 Elbow,Pressure Gauge,PLF6-02,2,NOT_STARTED,,,,
,L4,Pressure Sensor,CE Meter Panel Plate,ISE20A-R-M-M5-JB,1,NOT_STARTED,,,,
,L5,6mm Elbow,Pressure Sensor,PLJ6,1,NOT_STARTED,,,,
,L3,M4x8 Short Head Screw,Meter Panel Assy,CBSTBR4-8,8,NOT_STARTED,,,,
,L3,NR Sponge Tape,Meter Panel Assy,KSNR-10036T,1,NOT_STARTED,,,,
11,L2,CE Solenoid Bracket Assy,Compressor,NXMA-0700067-0-0,1,NOT_STARTED,,,,
,L3,CE Solenoid Bracket,CE Solenoid Bracket Assy,NXMP-0700167-0-0,1,NOT_STARTED,CBE3-15,4,,
,L3,6mm Tubing,CE Solenoid Bracket Assy,TU0604BU-20,4,NOT_STARTED,,,,
,L3,Solenoid,CE Solenoid Bracket Assy,SYJ314-5MZ-M5,2,NOT_STARTED,,,,
,L3,M5x0.8 to 6mm Elbow,CE Solenoid Bracket Assy,PL6-M5M,2,NOT_STARTED,,,,
,L3,M5x0.8 to 6mm Fitting,CE Solenoid Bracket Assy,PC6-M5M,2,NOT_STARTED,,,,
,L3,6mm T-Fitting,CE Solenoid Bracket Assy,PE6,1,NOT_STARTED,,,,
12,L2,CE Pilot Valve Assy,Compressor,NXMA-0700068-0-0,1,NOT_STARTED,,,,
,L3,CE Pilot Valve Bracket,CE Pilot Valve Assy,NXMP-0700156-0-1,1,NOT_STARTED,CBE4-8,4,,
,L3,6mm Tubing,CE Pilot Valve Assy,TU0604BU-20,2,NOT_STARTED,,,,
,L3,Valve,CE Pilot Valve Assy,VNA102B-6A,2,NOT_STARTED,,,,
,L3,6mm to R1/8 Elbow,CE Pilot Valve Assy,PL6-01,2,NOT_STARTED,,,,
,L3,R1/8 Silencer,CE Pilot Valve Assy,AN10-01,2,NOT_STARTED,,,,
,L3,R1/8 to R3/8 Nipple,CE Pilot Valve Assy,SJSRND13,2,NOT_STARTED,,,,
,L3,R3/8 to Rc3/8 Elbow,CE Pilot Valve Assy,SJSXL10A,2,NOT_STARTED,,,,
,L3,0.8M Metal Hose,CE Pilot Valve Assy,HOEMF10A-0.8-LB-RB,2,NOT_STARTED,,,,
,L3,1.5M Metal Hose,CE Pilot Valve Assy,HOEMF10A-1.5-LB-RB,2,NOT_STARTED,,,,
13,L2,CE Check Valve Assy,Compressor,NXMA-0700069-0-0,1,NOT_STARTED,,,,
,L3,CE Check Panel,CE Check Valve Assy,NXMP-0700161-0-0,1,NOT_STARTED,CBE4-8,4,,
,L3,Check Valve,CE Check Valve Assy,CHV2-10,2,NOT_STARTED,,,,
,L3,R3/8 to Rc3/8 Elbow,CE Check Valve Assy,SJSXL10A,4,NOT_STARTED,,,,
,L3,R3/8 T-Fitting,CE Check Valve Assy,SJSMT10A,3,NOT_STARTED,,,,
,L3,Cable Tie Anchor Mount,CE Check Valve Assy,CTAM1-HS,4,NOT_STARTED,,,,
,L3,130C Zip Tie,CE Check Valve Assy,T30R-HR,4,NOT_STARTED,,,,
,L3,1.5M Metal Hose Female A,CE Check Valve Assy,HOEMF10A-1.5-LB-RA,1,NOT_STARTED,,,,
,L3,0.8M Metal Hose Female B,CE Check Valve Assy,HOEMF10A-0.8-LB-RB,2,NOT_STARTED,,,,
,L3,1.5M Metal Hose Female B,CE Check Valve Assy,HOEMF10A-1.5-LB-RB,2,NOT_STARTED,,,,
14,L2,CE Compressor Door,Compressor,NXMA-0700072-0-0,1,NOT_STARTED,,,,
,L3,CE Compressor Door Panel,CE Compressor Door,NXMP-0700170-0-0,1,NOT_STARTED,,,,
,L3,CE Fan,CE Compressor Door,NXMA-0700018-0-0,1,NOT_STARTED,,,,
,L3,Recessed Handle,CE Compressor Door,AP-268-2-BLACK,2,NOT_STARTED,,,,
,L3,Fan Guard Cover,CE Compressor Door,LFG254B,1,NOT_STARTED,,,,
,L3,Stud Wing,CE Compressor Door,D8-314-3012-190,4,NOT_STARTED,,,,
,L3,Retainer,CE Compressor Door,D8-324-100-040,4,NOT_STARTED,,,,
,L3,M6 Hook,CE Compressor Door,QBH-5,1,NOT_STARTED,,,,
,L3,3mm Foam,CE Compressor Door,KSNR-10034T,4,NOT_STARTED,,,,
,L3,SEMS 4x12 Bolt,CE Compressor Door,BSET4-12,8,NOT_STARTED,,,,
15,L2,CE Tank Door,Compressor,NXMA-0700071-0-0,1,NOT_STARTED,,,,
,L3,CE Tank Door Weld,CE Tank Door,NXMP-0700169-0-0,1,NOT_STARTED,,,,
,L3,CE Fan,CE Tank Door,NXMA-0700018-0-0,1,NOT_STARTED,,,,
,L3,Recessed Handle,CE Tank Door,AP-268-2-BLACK,2,NOT_STARTED,,,,
,L3,Stud Wing,CE Tank Door,D8-314-3012-190,4,NOT_STARTED,,,,
,L3,Retainer,CE Tank Door,D8-324-100-040,4,NOT_STARTED,,,,
,L3,M6 Hook,CE Tank Door,QBH-5,1,NOT_STARTED,,,,
,L3,3mm Foam,CE Tank Door,KSNR-10034T,4,NOT_STARTED,,,,
,L3,SEMS 4x12 Bolt,CE Tank Door,BSET4-12,4,NOT_STARTED,,,,
16,L2,CE Fan Cover Assy,Compressor,NXMA-0700070-0-0,1,NOT_STARTED,,,,
,L3,CE Fan Cover,CE Fan Cover Assy,NXMP-0700146-0-0,1,NOT_STARTED,,,,
,L3,Fan Guard Cover,CE Fan Cover Assy,LFG254B,1,NOT_STARTED,,,,
,L3,Fan,CE Fan Cover Assy,CFM-A751BF-245-588-22,1,NOT_STARTED,,,,
,L3,Fan Guard,CE Fan Cover Assy,G172P,1,NOT_STARTED,,,,
,L3,M4x12 SEMS Screw,CE Fan Cover Assy,CBST4-12,3,NOT_STARTED,,,,
,L3,M5x15 Flat Head Screw,CE Fan Cover Assy,SHFBS5-15,2,NOT_STARTED,,,,
,L3,SEMS 4x12 Bolt,CE Fan Cover Assy,BSET4-12,4,NOT_STARTED,,,,
17,L2,CE BLDC Panel Assy,Compressor,NXMA-0700073-0-0,1,NOT_STARTED,,,,
,L3,CE BLDC Panel,CE BLDC Panel Assy,NXMP-0700157-0-0,1,NOT_STARTED,,,,
,L3,BLDC Controller,CE BLDC Panel Assy,DC48V1500W,2,NOT_STARTED,SCB5-10,2,LT-243,
,L3,Cable Clamp,CE BLDC Panel Assy,LWS-2218Z,2,NOT_STARTED,,,,
,L3,M5x10 Screw,CE BLDC Panel Assy,SCB5-10,8,NOT_STARTED,,,,
18,L2,CE Body Assembly,Compressor,NXMP-0700021-0-1,1,NOT_STARTED,,,,
19,L2,CE Water Tank Bracket,Compressor,NXMP-0700144-0-0,1,NOT_STARTED,CBSTBR4-8,4,,
20,L2,CE Cable Cover,Compressor,NXMP-0700148-0-0,1,NOT_STARTED,,,,
21,L2,CE Tank Shelf,Compressor,NXMA-0700012-0-0,1,NOT_STARTED,,,,
22,L2,CE Panel Mount W/ Connectors,Compressor,NXMA-0700019-0-0,1,NOT_STARTED,,,,
23,L2,Top Assy Misc Parts,Compressor,,1,NOT_STARTED,,,,
,L3,Safety Net Bracket Shaft,Top Assy Misc Parts,ETKGRS8-40-SC0,2,NOT_STARTED,,,,
,L3,Earth Bar,Top Assy Misc Parts,EBA-25-20E,1,NOT_STARTED,,,,
,L3,Cable Clamp 5-8mm,Top Assy Misc Parts,DKS-10GSP,1,NOT_STARTED,,,,
,L3,10mm Y Fitting,Top Assy Misc Parts,PY10,2,NOT_STARTED,,,,
,L3,Cable Clamp 9-14mm,Top Assy Misc Parts,DKS-16GSP,2,NOT_STARTED,,,,
,L3,25mm Rubber Grommet,Top Assy Misc Parts,C-30-SG-30B-EP-UL,3,NOT_STARTED,,,,
,L3,8mm Bulkhead,Top Assy Misc Parts,PM8,1,NOT_STARTED,,,,
,L3,8mm Silencer,Top Assy Misc Parts,AN15-C08,1,NOT_STARTED,,,,
,L3,9mm Rubber Bushing,Top Assy Misc Parts,C-30-SG-14A-EP-UL,2,NOT_STARTED,,,,
,L3,Cable Tie Anchor Mount,Top Assy Misc Parts,CTAM1-HS,3,NOT_STARTED,,,,
,L3,130C Zip Tie,Top Assy Misc Parts,T30R-HR,3,NOT_STARTED,,,,
,L3,Cable Clamp,Top Assy Misc Parts,LWS-2218Z,8,NOT_STARTED,,,,
24,L2,Top Assy Fasteners,Compressor,,1,NOT_STARTED,,,,
,L3,CBE6-10 M6x10,Top Assy Fasteners,CBE6-10,26,NOT_STARTED,,,,
,L3,CBE8-20 M8x20,Top Assy Fasteners,CBE8-20,4,NOT_STARTED,,,,
,L3,CBE5-10 M5x10,Top Assy Fasteners,CBE5-10,12,NOT_STARTED,,,,
,L3,CBE4-8 M4x8,Top Assy Fasteners,CBE4-8,20,NOT_STARTED,,,,
,L3,CBE6-15 M6x15,Top Assy Fasteners,CBE6-15,4,NOT_STARTED,,,,
,L3,CBE6-12 M6x12,Top Assy Fasteners,CBE6-12,2,NOT_STARTED,,,,
,L3,CBSTBR4-8 M4x8 Short,Top Assy Fasteners,CBSTBR4-8,4,NOT_STARTED,,,,
